0.254860908,0.897038281,0.414277375,0.662192225,0.79284358,0.473506331,0.964486778,0.272642314,0.537139416,0.224146783,0.513896883,0.198015958,0.354848117,0.189912766,0.901272237,0.323515415,0.418134719,0.183439553,0.363246828,0.229732439,0.163961709,0.531185269,0.681066692,0.620647132,0.223857388,0.825586736,0.538446903,0.82538563,0.0931417942,0.958292484,0.133725971,0.407736301,0.0460523777,0.786027312,0.409209996,0.689395845,0.135705754,0.199382573,0.0242033303,0.250767171,0.231927216,0.70885092,0.527393639,0.917633295,0.492724538,0.408433825,0.450165987,0.932825267,0.633704424,0.0642519668,0.67017287,0.536904395,0.549074054,0.723031342,0.853523254,0.871450484,0.531065404,0.213611171,0.945152462,0.570437789,0.662781954,0.49273181,0.733758748,0.707121789,0.0427520499,0.785020649,0.946130157,0.477895707,0.867865562,0.0526634492,0.4893924,0.993820071,0.492836863,0.57906878,0.0265709739,0.0777226388,0.865104496,0.679856956,0.0339220129,0.905719459,0.493986756,0.194563061,0.909757793,0.49379167,0.578720093,0.0292527322,0.306684703,0.0705914497,0.337147146,0.692997575,0.0323080346,0.239783362,0.456410199,0.306085736,0.159783468,0.703357756,0.965284169,0.176463485,0.965230405,0.875706851,0.342540652,0.716761827,0.6201033,0.707874954,0.48503536,0.636040509,0.762780726,0.287160575,0.406740159,0.587344289,0.680527568,0.30724597,0.624538004,0.85615015,0.510679007,0.0399142243,0.882284224,0.907992125,0.59767133,0.317180395,0.397381842,0.178539813,0.779504418,0.357649714,0.133208901,0.25968799,0.658154964,0.484214604,0.370934755,0.71210891,0.982469976,0.635066926,0.582284212,0.363580346,0.984075308,0.0605349988,0.0720016956,0.174616978,0.859637737,0.719007611,0.0478369333,0.543542445,0.0607242547,0.750915289,0.662399411,0.0508917086,0.748110116,0.231015116,0.439936519,0.0357292965,0.368399978,0.682820141,0.00585744157,0.367833644,0.0641692355,0.617275536,0.750500441,0.523881257,0.876061261,0.628182769,0.723164916,0.206802636,0.813130081,0.951041281,0.277721941,0.91365999,0.510734379,0.93806839,0.65240252,0.56472075,0.286388755,0.419777513,0.0452669039,0.683090568,0.971632659,0.964080811,0.103418015,0.249513045,0.525121868,0.357169777,0.833158851,0.75986439,0.974389076,0.333339125,0.284957916,0.195085958,0.62762022,0.178286627,0.767656088,0.0722215772,0.646350563,0.411284447,0.505243421,0.485779375,0.802850127,0.300351083,0.751373827,0.29626283,0.163183793,0.0270653497,0.577985764,0.100739107,0.660732567,0.860515773,0.560382605,0.702168226,0.371011913,0.662560761,0.999671876,0.049612917,0.592492163,0.341450304,0.143044144,0.433407098,0.381367445,0.251609594,0.0670799464,0.525824249,0.117497757,0.328785747,0.589452803,0.181328222,0.124663986,0.947561264,0.276614696,0.633720815,0.198748901,0.0420258045,0.197438419,0.350829303,0.947213531,0.0625455305,0.565801501,0.423622012,0.500989676,0.184624031,0.578914106,0.320268095,0.740381718,0.0224770382,0.132423922,0.99840939,0.912056088,0.622497261,0.908017933,0.661778927,0.65073061,0.416373044,0.00708674034,0.927020669,0.290091336,0.546035051,0.147929013,0.994155705,0.890496254,0.153279692,0.33634463,0.117858648,0.7176525,0.872666597,0.34251669,0.160942852,0.897766232,0.68285507,0.0353381746,0.578753948,0.199613959,0.832281113,0.345248252,0.422566205,0.959013164,0.458977073,0.93178308,0.454313278,0.0480202585,0.516170561,0.894737661,0.241938367,0.00968832243,0.329076231,0.381637484,0.0426087193,0.941907287,0.422905266,0.826258302,0.71089834,0.271515429,0.3002505,0.311852992,0.30884546,0.714439571,0.65180248,0.788083971,0.228764027,0.457679808,0.415157378,0.738958359,0.906494915,0.700541615,0.886550903,0.777247071,0.243581414,0.181048483,0.837053776,0.881326735,0.61597079,0.47446382,0.0956124142,0.888992429,0.873070955,0.312888086,0.102531016,0.039331466,0.530497193,0.729814231,0.402616739,0.828765094,0.272570878,0.0420813411,0.652549386
0.307907373,0.307470888,0.437579393,0.00140166038,0.70982337,0.42196551,0.175520152,0.621382713,0.675599813,0.456490189,0.305416793,0.0712931678,0.748950541,0.365715832,0.806195855,0.583164752,0.683512568,0.910689116,0.639885247,0.369499147,0.118151084,0.488223314,0.597667396,0.0144588603,0.985300839,0.296445549,0.444865882,0.206224561,0.850645781,0.659610212,0.248702973,0.408568829,0.174367651,0.669943869,0.638561308,0.468642265,0.55175519,0.630702734,0.305587351,0.191446871,0.955651343,0.295089751,0.394033641,0.410447598,0.423683345,0.282117903,0.613340616,0.78878963,0.856140435,0.391518056,0.477516055,0.71985817,0.402016997,0.376535594,0.811578393,0.434978038,0.277797788,0.531000674,0.312931359,0.765381396,0.95880878,0.450263798,0.701933801,0.992280185,0.964875698,0.502834141,0.971039593,0.215593755,0.546985865,0.219055891,0.132761046,0.274490476,0.400696158,0.483111143,0.933892787,0.676254928,0.422410131,0.460924506,0.657062948,0.911297858,0.739129841,0.883153856,0.814733744,0.480212182,0.868203461,0.817863345,0.74169147,0.587324739,0.349369854,0.42374751,0.957038224,0.631286383,0.184061587,0.000642833009,0.706487536,0.717342913,0.0113131227,0.772347271,0.624696195,0.808691323,0.183885217,0.266940892,0.500274718,0.847053945,0.324391395,0.664404929,0.277614444,0.646647513,0.489680588,0.29248035,0.848660946,0.629984558,0.15243715,0.362608433,0.379587978,0.104968295,0.954149544,0.784363806,0.795761645,0.32102564,0.690446317,0.0513366871,0.43578124,0.466980755,0.787523389,0.800234139,0.871627033,0.370657235,0.00955283456,0.25700289,0.690525889,0.187332615,0.209204674,0.650393605,0.316428453,0.705672681,0.195533857,0.172054395,0.279687017,0.140432224,0.227256328,0.704931974,0.285121471,0.652034998,0.0628208667,0.566040397,0.160870925,0.102961592,0.900117934,0.718087375,0.628109932,0.590744376,0.103150897,0.308683574,0.451628059,0.25682807,0.285985529,0.0219224226,0.801318169,0.844386518,0.0833810493,0.811490476,0.0555254929,0.26132822,0.569911897,0.440319031,0.302228272,0.637243688,0.615344763,0.725041211,0.549274564,0.960962296,0.996993363,0.513174713,0.660102427,0.719617844,0.499168575,0.945360124,0.586432219,0.102584437,0.28980121,0.0942476764,0.203083351,0.600231111,0.719909191,0.393168837,0.67274642,0.112161063,0.331862271,0.631876945,0.929824114,0.541020513,0.548217297,0.983887017,0.801928461,0.924808443,0.767079651,0.234816477,0.718668997,0.0607436113,0.965362489,0.957651734,0.0510115325,0.562433779,0.188475847,0.60895437,0.634295344,0.546677828,0.126981795,0.362253368,0.0622014217,0.565014005,0.925278068,0.80928719,0.0875239968,0.786082566,0.8083781,0.3935045,0.128037736,0.389460593,0.766774714,0.497452378,0.16126959,0.798861861,0.361224741,0.851486504,0.486352026,0.389468163,0.0883252248,0.383270323,0.625793397,0.866297007,0.709881783,0.0816177651,0.0780251995,0.798871458,0.312227815,0.694359481,0.406486988,0.237243369,0.669877231,0.700940371,0.526459515,0.728112698,0.32029742,0.914577544,0.60933727,0.783893585,0.346426696,0.647119105,0.0800095424,0.594456375,0.623979628,0.193439052,0.721437037,0.639831483,0.881604731,0.832650721,0.0156365242,0.313490033,0.221864998,0.634405911,0.265794843,0.940592527,0.577390432,0.791486263,0.390972555,0.206656739,0.094511956,0.670092642,0.373062491,0.0635536015,0.330911845,0.0606408305,0.486368984,0.560010791,0.939415276,0.713427782,0.722382247,0.818716228,0.363402992,0.169044748,0.410890251,0.84399581,0.131306469,0.213187322,0.176713854,0.479541808,0.14227514,0.457139105,0.59408313,0.545544863,0.821532726,0.713667274,0.342405587,0.750494063,0.665129423,0.877949417,0.268743724,0.527007103,0.467027366,0.660596311,0.0285818744,0.745589614,0.733401835,0.814960182,0.910864174,0.693605363,0.119456381,0.232114732,0.375486016,0.267848223,0.690990865,0.803052187,0.87946862,0.618458986,0.760805368,0.996373653,0.805066466,0.531870902
0.41803807,0.629690588,0.0146636544,0.112315558,0.358662993,0.179639846,0.708993793,0.71926719,0.745286644,0.911019683,0.705448508,0.63784641,0.386370957,0.361138761,0.908999443,0.718290687,0.776165426,0.512472868,0.884458899,0.47578451,0.835764468,0.856188059,0.316509813,0.907929897,0.431410104,0.818339944,0.203004673,0.463671178,0.720227122,0.510176182,0.849297523,0.551264703,0.114783667,0.568273306,0.0833538771,0.230272591,0.987616003,0.2674523,0.433811545,0.827131867,0.541840076,0.665718555,0.861241817,0.258672625,0.846891284,0.3115623,0.133935094,0.403782487,0.241291255,0.519540548,0.758120477,0.0705529377,0.680012465,0.259008318,0.124257423,0.0154071664,0.185333326,0.252798319,0.648158312,0.205107927,0.436178744,0.865160167,0.59353143,0.22434932,0.408574194,0.783389866,0.965046227,0.267071873,0.572074175,0.807605267,0.206993565,0.0912975445,0.825814605,0.518402576,0.690613925,0.406468451,0.527561963,0.395211518,0.0300990436,0.865615904,0.793767333,0.811403692,0.334143609,0.641912699,0.479222566,0.476056129,0.240272358,0.493508846,0.681852281,0.944233298,0.345909387,0.759424448,0.784330249,0.0248892568,0.561679661,0.507798135,0.58107841,0.271843106,0.744880378,0.662370205,0.251632333,0.983893514,0.402427256,0.15176034,0.145129725,0.356275558,0.556637824,0.403862,0.563659906,0.269383967,0.145267099,0.163950831,0.302544206,0.413153738,0.484957546,0.869572222,0.745352924,0.768001258,0.377028435,0.910237551,0.48475194,0.132308498,0.275495917,0.0497994125,0.623764932,0.71346128,0.0712221488,0.86501497,0.833151698,0.362586439,0.701495469,0.540832222,0.495627612,0.537650824,0.967362344,0.222987145,0.96647805,0.943211377,0.692556679,0.0191364102,0.300247312,0.70824486,0.464889228,0.254930049,0.550256431,0.204611063,0.559198081,0.10765098,0.41798231,0.121710688,0.419577271,0.572678745,0.821219862,0.975477517,0.755046844,0.488623917,0.880105555,0.565601408,0.459256798,0.0855797902,0.324807793,0.480816782,0.448248565,0.419798762,0.816436887,0.580863535,0.683473825,0.219755948,0.202728942,0.928009689,0.762348294,0.216703758,0.585528374,0.721295893,0.280035287,0.847469032,0.145859808,0.292907953,0.761379838,0.851761997,0.41901353,0.309158981,0.147705361,0.999931753,0.502614617,0.0413676389,0.417309403,0.47465086,0.209221378,0.836809814,0.730535567,0.979120374,0.622809231,0.0191568211,0.585242748,0.78910315,0.111300528,0.883388817,0.393353999,0.323238164,0.0172887873,0.279793084,0.14062883,0.0899208933,0.90342772,0.239233866,0.682618499,0.265724897,0.638574839,0.786741614,0.507612884,0.950104952,0.329261631,0.266348243,0.06295342,0.694856048,0.696037173,0.347885221,0.283902198,0.927472949,0.894777954,0.0202251952,0.649216235,0.782258093,0.45600611,0.776427686,0.125688806,0.0150612192,0.109226994,0.0758006498,0.887998939,0.835745633,0.617695391,0.441391677,0.00698879547,0.819384575,0.959060431,0.194769353,0.0396716855,0.162579015,0.846138477,0.774667323,0.163831905,0.542513669,0.357238024,0.562961042,0.288404971,0.939585924,0.689341664,0.579300582,0.927549243,0.331085831,0.112157613,0.844335377,0.393445611,0.659368217,0.416039377,0.0200541634,0.792038143,0.378431231,0.0991651788,0.36233902,0.484561056,0.888474584,0.42666015,0.855594933,0.916140795,0.0385250263,0.655310869,0.573940635,0.593968213,0.00832212251,0.79370147,0.0355895571,0.281190008,0.0308259688,0.00795196928,0.765402436,0.768297434,0.21240285,0.652032793,0.964739203,0.0489487387,0.135914043,0.346876681,0.602384984,0.582006097,0.330499828,0.911863446,0.638516426,0.705548644,0.185328156,0.439132392,0.237034187,0.254422873,0.270920336,0.894120097,0.737725317,0.483645171,0.52077204,0.732052684,0.71134913,0.302445322,0.957175672,0.864194691,0.282933384,0.136497483,0.0196704939,0.487458229,0.599245965,0.579992354,0.0889316797,0.326212645,0.169736102,0.777472854,0.398676217,0.988256156,0.964054585,0.0700958297,0.708479643
0.66521734,0.290036231,0.299693793,0.414443344,0.0738226846,0.375477642,0.649745703,0.990901291,0.0970128104,0.102102116,0.763180852,0.593790829,0.0409091674,0.096925199,0.771961391,0.461622834,0.429278255,0.452346355,0.0168080498,0.148998782,0.115522608,0.519428372,0.743870318,0.480380923,0.641122639,0.100947641,0.0717268214,0.281662375,0.993210852,0.208504379,0.048594676,0.273841143,0.0984807014,0.146452323,0.90309912,0.434684277,0.800356567,0.256726325,0.33650142,0.566687584,0.755472362,0.817411363,0.913258612,0.222500175,0.466214448,0.92985177,0.630320847,0.841519654,0.316278189,0.346882164,0.935825467,0.00696917949,0.418580681,0.519249558,0.34339875,0.836664617,0.537779152,0.345867395,0.0118605169,0.267944127,0.286185741,0.289696634,0.521844268,0.152162299,0.805177689,0.750541627,0.692443132,0.490323842,0.180650145,0.317808121,0.780561447,0.686122179,0.445982337,0.997659504,0.688087881,0.498382926,0.135331303,0.684563875,0.369070172,0.419332325,0.77532959,0.473979801,0.138890907,0.719879448,0.114783734,0.892011821,0.421004921,0.413368493,0.525272369,0.55584079,0.747522295,0.714679301,0.862698317,0.174382031,0.363196433,0.377639681,0.837400675,0.932779551,0.558457732,0.266756535,0.887264132,0.967116535,0.43172586,0.0587569401,0.342004567,0.618910849,0.601648808,0.520570278,0.641629398,0.922288954,0.591555774,0.87343508,0.141292885,0.275839299,0.579681933,0.337459028,0.981089115,0.152827904,0.857313156,0.623882174,0.867826462,0.524673641,0.737742722,0.597968817,0.831847429,0.278822571,0.633760154,0.249002457,0.275642246,0.905894101,0.0825529248,0.635410547,0.915408432,0.710683882,0.915735185,0.918677866,0.270066947,0.0603785254,0.989006639,0.26535058,0.245237812,0.270574093,0.528026521,0.371664912,0.646409392,0.137880713,0.479342788,0.471283078,0.787389457,0.673565447,0.860221028,0.94515413,0.849402666,0.0967184529,0.606550097,0.0530190207,0.673063576,0.468297184,0.264729708,0.607364297,0.996895432,0.277698606,0.221070647,0.7886253,0.861429453,0.92621398,0.165693358,0.943037212,0.747015655,0.677489102,0.962457061,0.271872401,0.636383951,0.0521804765,0.221201882,0.257485628,0.505995274,0.245841518,0.646387577,0.729353547,0.548264325,0.67772615,0.615850806,0.765789449,0.383658677,0.499785066,0.588761091,0.0668722838,0.942014217,0.448172569,0.843777537,0.724240661,0.272909999,0.446004182,0.181136668,0.625720203,0.934993267,0.701146543,0.959867418,0.304206848,0.602091849,0.196396515,0.267193377,0.441935629,0.659403384,0.526519656,0.454457849,0.691223323,0.233916372,0.584221959,0.0302836485,0.179170504,0.560105741,0.551557481,0.776603937,0.317512542,0.0593252443,0.367830992,0.457870036,0.554754734,0.831666052,0.0307399686,0.629500926,0.55095315,0.549136639,0.576122165,0.915752113,0.933655083,0.946577072,0.63805759,0.0900246501,0.545379937,0.319615424,0.353195369,0.573573351,0.800337017,0.293275148,0.490275949,0.421372235,0.513419688,0.539783537,0.164217472,0.00365744624,0.407016903,0.833360732,0.476430982,0.648526371,0.0592960492,0.554942787,0.325293928,0.379259795,0.244450226,0.606553853,0.188467011,0.860065043,0.288591027,0.286976278,0.483605295,0.166261375,0.823076904,0.232048929,0.687270164,0.595370471,0.268382907,0.350104302,0.14775306,0.200764149,0.0584525429,0.489495397,0.992255986,0.557569444,0.376780897,0.360753566,0.743058026,0.729891896,0.159786761,0.0367792845,0.745785117,0.816653967,0.843020439,0.794273019,0.389374673,0.43556419,0.783337593,0.712532341,0.677584529,0.82779628,0.58681345,0.925358832,0.683972061,0.283761501,0.0714732111,0.594821751,0.243829161,0.678886294,0.0312557817,0.824388087,0.544337094,0.299557984,0.378302991,0.712447166,0.748844147,0.304295361,0.930481613,0.886758626,0.128718227,0.891837716,0.0923626423,0.769520104,0.167510942,0.169223845,0.819386721,0.59754169,0.85535717,0.888248205,0.852672458,0.700809956,0.0445793122,0.951992393,0.785978615
0.16005528,0.396067411,0.992103696,0.861661315,0.713341057,0.774039745,0.4167898,0.504235983,0.415075243,0.679037809,0.649065673,0.0333640948,0.939192712,0.134454638,0.989764631,0.658357441,0.646987736,0.740325034,0.772152007,0.231302381,0.260552794,0.712223947,0.446701914,0.813168168,0.20564802,0.164248809,0.654361129,0.870718539,0.262649506,0.27950877,0.0918924734,0.146656066,0.497002691,0.734352827,0.0785879195,0.756647646,0.909033358,0.390589416,0.0118264817,0.378709286,0.519511342,0.709789813,0.63649863,0.379144967,0.929289818,0.345850289,0.933199167,0.927242517,0.915584505,0.0405047536,0.124488965,0.359400272,0.28720361,0.535306811,0.941291451,0.116291404,0.525910139,0.358177662,0.0990726873,0.137860924,0.337478638,0.308411896,0.1861175,0.921245217,0.178728268,0.0660333186,0.65484041,0.448234946,0.119296901,0.327723235,0.592045903,0.356052667,0.400149912,0.305153579,0.480521768,0.938000739,0.412515312,0.143102229,0.807654202,0.0098451823,0.558300674,0.0144450376,0.490530849,0.750795126,0.46210885,0.138733968,0.00876297802,0.805526912,0.448978424,0.619283736,0.464834392,0.401094377,0.614587069,0.561214566,0.572388709,0.943143845,0.102950349,0.287803978,0.898232043,0.358276367,0.964925945,0.157778978,0.149701849,0.624147832,0.377441436,0.16830498,0.837660253,0.476191282,0.678633809,0.329352379,0.698373914,0.999864817,0.856239319,0.854282737,0.298079878,0.824528337,0.393025011,0.544978321,0.0640004426,0.184274957,0.680522263,0.815787494,0.294932872,0.546938896,0.808010757,0.935678124,0.877748549,0.535681844,0.987742662,0.670034051,0.248816848,0.021041682,0.211691156,0.431400836,0.473990619,0.576048136,0.40265578,0.0994379073,0.256839484,0.189591974,0.771135867,0.390861124,0.111064233,0.864425719,0.137733757,0.262830049,0.908438325,0.280428857,0.861981452,0.481245726,0.574560642,0.76631856,0.317544341,0.489789695,0.78159219,0.510112226,0.100973807,0.259280562,0.416104555,0.3281627,0.10976164,0.341548294,0.431108803,0.901811123,0.549843729,0.288530022,0.576085687,0.592949927,0.159529865,0.712563276,0.108481653,0.343676805,0.565070152,0.369042009,0.750677347,0.800076783,0.923360229,0.47514075,0.65817064,0.800777197,0.835045993,0.221784085,0.350076973,0.333768696,0.381338865,0.637798607,0.268443882,0.714429319,0.0285324957,0.950845301,0.0230214223,0.911577821,0.535949111,0.300421864,0.597421527,0.997608781,0.0265199356,0.676766157,0.714137256,0.672544897,0.15258491,0.481253773,0.521790147,0.318614513,0.750965416,0.680707395,0.0806877539,0.170745954,0.154632077,0.257272333,0.428885907,0.486304313,0.177362815,0.153490901,0.428061008,0.249242276,0.991522074,0.860227644,0.868214965,0.826574683,0.849228859,0.459657222,0.699246466,0.965931535,0.703032851,0.732881427,0.906889558,0.777254522,0.214179665,0.450066775,0.532295823,0.483573705,0.781315684,0.299211681,0.167138219,0.999073803,0.370299935,0.344433546,0.0445614867,0.0783023834,0.973299861,0.826717198,0.682885468,0.492203921,0.187335745,0.913448095,0.625831246,0.793518424,0.650602043,0.922797143,0.570806324,0.38615483,0.454147488,0.883641183,0.96995014,0.358927876,0.993552268,0.826441169,0.934846997,0.348181695,0.421950072,0.410875529,0.809408605,0.223327532,0.764030814,0.302439153,0.211794779,0.56660229,0.678152323,0.795377851,0.441061199,0.423643321,0.202356413,0.328417271,0.961601079,0.276968747,0.921854973,0.772032499,0.997529507,0.785123587,0.891560853,0.0893647224,0.82441771,0.0157023892,0.418706924,0.487699658,0.902928352,0.0641285479,0.602621794,0.372835428,0.980148852,0.671388805,0.0929457843,0.817452192,0.0280099679,0.532176971,0.30782029,0.00991971605,0.565863907,0.47473678,0.723948359,0.774993002,0.890132248,0.594690859,0.560507834,0.823547065,0.134362087,0.66114974,0.238240257,0.26466006,0.940244079,0.599492729,0.858252823,0.297698557,0.257920295,0.789756179,0.69950068,0.647194386,0.650623918,0.478627622
0.0684834421,0.017514091,0.116597444,0.0768629685,0.526150346,0.0947246775,0.707035244,0.926359117,0.121569812,0.412219882,0.0915428475,0.739915252,0.461492687,0.974730968,0.232070535,0.841844618,0.686536729,0.326043665,0.821566761,0.766097188,0.466950387,0.149059072,0.840996742,0.0459660031,0.734058321,0.92038089,0.294153869,0.380145013,0.873158634,0.542725742,0.124261111,0.176309749,0.18724969,0.988190353,0.977324188,0.530216932,0.754834592,0.374281645,0.0783530921,0.458120316,0.402458161,0.340100378,0.578065932,0.81631285,0.930948794,0.929404616,0.225057065,0.118874051,0.220740452,0.112599768,0.60674876,0.814817369,0.0510471426,0.773239672,0.195235178,0.467463225,0.826928258,0.359474331,0.0129071949,0.572383404,0.305561155,0.898278296,0.660654008,0.92402035,0.326278359,0.196847185,0.402677447,0.635379672,0.738059402,0.458736598,0.23930262,0.973876178,0.980527878,0.293398321,0.0245044846,0.238760009,0.439104825,0.577775121,0.294915795,0.952466965,0.481798977,0.749520183,0.499470234,0.468526423,0.974306822,0.23253122,0.152318582,0.988830745,0.263129771,0.365858436,0.67152679,0.615834951,0.122833684,0.418028355,0.541634321,0.108807184,0.80837363,0.64943099,0.222021267,0.949893296,0.642017126,0.326068074,0.741755784,0.0164180752,0.402961016,0.272359371,0.330002367,0.546048343,0.631536603,0.873426855,0.727796078,0.00674178312,0.286432564,0.113681003,0.281216949,0.427326828,0.087807849,0.740753829,0.0531137995,0.328708023,0.817649782,0.159782961,0.678074002,0.111379094,0.602772355,0.647512197,0.663927913,0.162933037,0.0790664479,0.864800096,0.667656958,0.612722754,0.206576198,0.272643477,0.0811100006,0.364692867,0.815470815,0.428302944,0.483715296,0.41894269,0.0594795384,0.282395691,0.871665061,0.347067028,0.307235867,0.266870499,0.573537707,0.72298336,0.0414081365,0.230529889,0.504225612,0.898822129,0.540744364,0.829525709,0.256424099,0.329532206,0.248105988,0.291249901,0.698953927,0.160935834,0.442348421,0.246298775,0.252957672,0.475105286,0.660634339,0.537404001,0.640062809,0.879346788,0.848382592,0.589919567,0.733843863,0.979787946,0.689443111,0.460731864,0.186062172,0.734618425,0.0417801887,0.421529025,0.948206127,0.99859184,0.546956718,0.4294025,0.648568988,0.570810437,0.706238747,0.187065706,0.95525682,0.616795719,0.0829413012,0.309495658,0.909509599,0.341844916,0.548870981,0.264689654,0.0211154073,0.722457647,0.531326652,0.752511263,0.158265516,0.722753227,0.322966099,0.619650602,0.247772738,0.5722664,0.331034213,0.602703869,0.352320492,0.182325631,0.352597564,0.410101712,0.326398045,0.185769811,0.521121681,0.782629967,0.112184227,0.937196195,0.486739725,0.089977622,0.336131245,0.590112984,0.628231108,0.651232898,0.79928863,0.760053337,0.926762402,0.368255556,0.0958199278,0.192411542,0.800226927,0.103574716,0.564783275,0.920644343,0.293455094,0.20548676,0.973505914,0.300132126,0.295321286,0.111445762,0.629962325,0.47810325,0.564057827,0.45851168,0.0615155809,0.0564872995,0.375675112,0.686842501,0.697762311,0.493131608,0.184133828,0.977858484,0.907081127,0.258688867,0.642591178,0.0509008095,0.273315519,0.764696777,0.393358231,0.713294208,0.139056504,0.625041068,0.865185678,0.540075779,0.711939216,0.0145059871,0.845551372,0.4535833,0.401756376,0.809835076,0.913404703,0.450653076,0.818046391,0.188474029,0.84384203,0.776914954,0.842967629,0.22839196,0.827125967,0.298949033,0.25522241,0.579246104,0.319322824,0.997436225,0.174834251,0.790388882,0.275986463,0.857202888,0.474519044,0.673191726,0.293694973,0.852329433,0.48509872,0.571533382,0.755322397,0.990712047,0.653725505,0.0422229469,0.777084827,0.738574326,0.26836291,0.618946612,0.831821442,0.0630317852,0.739504993,0.135601848,0.640065491,0.881090343,0.786453784,0.944324076,0.971722543,0.793456674,0.225719884,0.375073761,0.756577671,0.593501508,0.306304336,0.53312695,0.704166114,0.686070323,0.646872878,0.464137733
0.784175336,0.546342373,0.773767471,0.473680615,0.253397107,0.105533153,0.948410571,0.51209408,0.737643838,0.150575683,0.713879466,0.0983779058,0.939922094,0.161377817,0.558394551,0.0324265175,0.794089675,0.819460392,0.878198028,0.248023257,0.128930643,0.441417336,0.31780979,0.178117082,0.803930998,0.943472624,0.104452766,0.66773206,0.648058355,0.807897687,0.611560225,0.155672014,0.817029476,0.656801283,0.156437725,0.34959814,0.234672785,0.000245416886,0.476657897,0.760083556,0.452777088,0.766792476,0.811620772,0.885900438,0.0971028209,0.736707449,0.460753828,0.389193743,0.238311604,0.039112106,0.0400260948,0.0101742996,0.876559019,0.788663924,0.377891004,0.850585938,0.554552197,0.647126615,0.240751341,0.716096938,0.997180283,0.708378077,0.582207441,0.355587214,0.381253242,0.864614129,0.0604467727,0.967556357,0.426439881,0.528557539,0.320299655,0.259278983,0.83882761,0.881813586,0.178640559,0.510642231,0.735710859,0.262598127,0.00409212429,0.717866302,0.92735821,0.230670542,0.284848809,0.851326704,0.0371653102,0.412128419,0.350395918,0.134096384,0.887132287,0.26516661,0.918484926,0.314754993,0.276584238,0.684197247,0.448135406,0.935505509,0.73252207,0.539433777,0.660029829,0.465259314,0.398712993,0.130338401,0.697599113,0.59000802,0.541260362,0.786744297,0.00941730943,0.327687353,0.553941071,0.665292978,0.902923584,0.110100254,0.364208251,0.270426899,0.4893125,0.839831054,0.540466785,0.564873457,0.622576296,0.780988693,0.915895343,0.619912565,0.364596665,0.158672601,0.550396681,0.353102207,0.939473093,0.859072506,0.853228509,0.470900655,0.619426966,0.704914749,0.56729275,0.445614785,0.775112092,0.445929021,0.0521563515,0.0117956707,0.742972851,0.235950455,0.401629597,0.242606148,0.177583352,0.812993586,0.515835941,0.112824559,0.493640184,0.554730296,0.757971346,0.401567966,0.729251742,0.146358088,0.615908444,0.212894902,0.307038456,0.726523757,0.821660042,0.682884157,0.58240211,0.181216523,0.615576982,0.667650521,0.956286132,0.63369596,0.61623466,0.111128271,0.548941433,0.552172184,0.235664546,0.377373368,0.271188885,0.165146261,0.685023367,0.547876298,0.0728373304,0.145730242,0.560665011,0.70643419,0.239609584,0.513761461,0.498830587,0.532267332,0.225946441,0.858445764,0.0281222444,0.992062569,0.0782500431,0.0134551553,0.472477317,0.256565899,0.00850859378,0.661459923,0.200553298,0.659577072,0.64048934,0.783687651,0.952513218,0.900444686,0.821773231,0.270970285,0.274394423,0.38452211,0.842593431,0.697758615,0.107836686,0.912711084,0.0356278494,0.855098128,0.609959185,0.537693202,0.521913052,0.100845374,0.120358944,0.563061416,0.010021124,0.264072418,0.779281199,0.677186251,0.221002549,0.20670408,0.67593658,0.895601213,0.428033292,0.553884625,0.562893987,0.546461344,0.92355001,0.280640274,0.844876409,0.653090477,0.375518203,0.924865127,0.909585893,0.721229553,0.986169457,0.348559022,0.240310192,0.153667241,0.228135765,0.966401935,0.991698802,0.76526016,0.896818519,0.905044734,0.0264903177,0.90154022,0.799008965,0.387508482,0.991852105,0.528346777,0.276316166,0.508849084,0.362055749,0.965287328,0.0406472832,0.451430917,0.692893207,0.711193979,0.0694559962,0.467642993,0.926680803,0.791024864,0.438667625,0.802402854,0.645169854,0.560404658,0.594668031,0.0517540835,0.0965424329,0.847511649,0.387907386,0.430422306,0.965713739,0.236215308,0.960181057,0.28612861,0.326883852,0.90554297,0.664631367,0.312162846,0.910221457,0.660797656,0.753712177,0.849278748,0.0372646898,0.415548891,0.187854975,0.714303136,0.615643799,0.0374287665,0.380634248,0.905148387,0.0346313901,0.770941257,0.819733739,0.703630865,0.661315262,0.84866482,0.75520277,0.252375752,0.334523767,0.440839767,0.0582327172,0.596848845,0.45569095,0.0994156748,0.460889071,0.292790711,0.594011962,0.7771402,0.929037809,0.450075924,0.901807845,0.29526943,0.287261099,0.894466221,0.0372638553,0.86938262,0.584019959,0.743595183
0.862240553,0.186258554,0.998822033,0.964775145,0.214552134,0.16603072,0.393976927,0.367492557,0.107439533,0.513832033,0.746022761,0.349570304,0.340245813,0.873808682,0.155068785,0.820346892,0.579981327,0.0680702254,0.186512873,0.753244638,0.903484702,0.919978619,0.903550088,0.0682533532,0.312057078,0.475188047,0.526847661,0.119128555,0.0940483734,0.165122434,0.730145395,0.0887705535,0.761810422,0.419309676,0.315682739,0.945486844,0.469978511,0.210081756,0.184248254,0.0417794809,0.670890152,0.00495322049,0.386042953,0.0680975169,0.222188845,0.943026304,0.378674775,0.905555546,0.953368366,0.765090644,0.389557868,0.811870992,0.235700265,0.6093871,0.606834948,0.0794194117,0.0547068119,0.831626832,0.355059743,0.341531992,0.296119481,0.359864831,0.656220853,0.950090528,0.518710792,0.444534808,0.730668664,0.326118469,0.923249602,0.216452539,0.410020888,0.477523983,0.286870271,0.0186160691,0.918073654,0.36885938,0.923434734,0.902975202,0.643029809,0.592932343,0.856083214,0.943117201,0.5134812,0.326183021,0.122526079,0.731665313,0.917746186,0.111326844,0.744496763,0.817369342,0.239117652,0.43768099,0.00656482996,0.96723187,0.975410104,0.910293341,0.398225546,0.283629,0.39203006,0.867633224,0.754407108,0.366898239,0.335410327,0.329005957,0.408045471,0.556425154,0.126949325,0.585779011,0.593299091,0.236837596,0.71129936,0.0397965573,0.772053361,0.546749115,0.727395177,0.533582985,0.129492924,0.636649728,0.760883331,0.290428519,0.832614064,0.625226259,0.898298085,0.706224144,0.638163805,0.723440349,0.391193479,0.391555429,0.246380478,0.767738461,0.712303877,0.844581127,0.776790023,0.274119824,0.638073087,0.719818294,0.248975083,0.352096707,0.181655273,0.239399657,0.467804104,0.829659343,0.0511975363,0.51775223,0.36242646,0.49533692,0.877295792,0.695446253,0.818264067,0.363881499,0.516165674,0.56801033,0.407792538,0.523866236,0.0203439537,0.126100555,0.615424931,0.412534326,0.440067381,0.345062613,0.399898767,0.916009545,0.475391239,0.354495287,0.412373364,0.553539217,0.065182671,0.98644197,0.0273913145,0.240386188,0.191478193,0.973623753,0.989975095,0.907460451,0.252608478,0.964780748,0.571569443,0.463730365,0.412471175,0.425100207,0.0552308075,0.493644118,0.551857054,0.94494015,0.29498139,0.767413795,0.166395307,0.177592352,0.794214368,0.389654398,0.0777925923,0.203931466,0.216332957,0.394866049,0.102643132,0.190634623,0.255705774,0.735945821,0.586342037,0.204477504,0.492775559,0.455976188,0.228847131,0.980851829,0.815203309,0.185343638,0.462100327,0.171937004,0.995683551,0.642084241,0.277596861,0.417489767,0.0597453043,0.737026811,0.129225567,0.979187429,0.278924823,0.319551677,0.969541728,0.82574296,0.937070012,0.0854144692,0.212647513,0.220527411,0.620833099,0.982899725,0.456988037,0.268949062,0.189003497,0.223570839,0.503224671,0.854824901,0.362186313,0.158973813,0.0496770479,0.124009699,0.465556473,0.863162398,0.0104770819,0.623796284,0.406700104,0.500529349,0.308260143,0.137045413,0.31132251,0.440731883,0.852512658,0.683063567,0.0781000257,0.681294024,0.585063934,0.0955663174,0.956175148,0.562300324,0.27761814,0.697884798,0.994276404,0.10755609,0.853602409,0.885310113,0.928453803,0.118948199,0.832099974,0.497645468,0.970256627,0.917724907,0.338953465,0.204600364,0.59667474,0.358525991,0.131916821,0.905609906,0.433848381,0.357783884,0.101831034,0.468294054,0.0459415987,0.358783573,0.869861841,0.376483321,0.880563557,0.421642274,0.369481266,0.634489179,0.78628093,0.326011509,0.930080235,0.664668679,0.236261502,0.0757977217,0.0961074457,0.467614263,0.801185131,0.969188154,0.10830979,0.289051056,0.252939612,0.381171703,0.107564546,0.745090187,0.757233977,0.0733365417,0.66628921,0.351671964,0.0828749388,0.0376797728,0.257621229,0.209754661,0.929389238,0.456559688,0.968192518,0.586908162,0.0438413844,0.663797021,0.840803862,0.0704259127,0.32456252,0.502022564,0.532670915,0.601817906
0.850851238,0.427815229,0.292739958,0.169348434,0.579349995,0.998004735,0.199141696,0.548739731,0.442899913,0.318156153,0.534553528,0.947748065,0.556332767,0.870716572,0.423416078,0.766952395,0.827477992,0.532270968,0.677161038,0.864413619,0.819150627,0.974641383,0.617295325,0.25438261,0.211391956,0.814296305,0.339453578,0.504211187,0.368930489,0.549881041,0.892921269,0.19658342,0.130276665,0.378146797,0.597221375,0.476541698,0.64916414,0.982143402,0.439326316,0.61697346,0.150158882,0.731654525,0.287590921,0.465841383,0.306039572,0.578234196,0.0191907454,0.791491807,0.357767463,0.536588192,0.274780899,0.306324273,0.24760589,0.260421395,0.11685048,0.607882202,0.630526423,0.844679952,0.0126440879,0.237940714,0.735065877,0.649391055,0.855300963,0.136555403,0.443161309,0.86495626,0.292937666,0.912231088,0.0301614441,0.439159036,0.807900965,0.1469239,0.00945259817,0.514083028,0.496113658,0.707079411,0.831626415,0.60476923,0.0309981648,0.709827662,0.622636676,0.591626883,0.349859923,0.941156268,0.854243517,0.780804873,0.282823831,0.722379029,0.259171098,0.35748598,0.872755408,0.942932665,0.234639242,0.235936433,0.193970233,0.212512136,0.55370754,0.36321938,0.0566441752,0.427268267,0.860101342,0.283762246,0.55631423,0.19218041,0.684012532,0.574845076,0.938025892,0.090763472,0.549293697,0.556610167,0.178174973,0.529792607,0.245251477,0.967914045,0.305939913,0.602919579,0.198424459,0.874670267,0.0965302289,0.0408079438,0.214598715,0.601800203,0.128640562,0.314209878,0.410531372,0.170088813,0.195826977,0.96106863,0.494484574,0.377947956,0.886431694,0.257276952,0.929913104,0.805318177,0.161306545,0.20729205,0.749516487,0.25858292,0.865655839,0.524133444,0.211119249,0.560887158,0.421028674,0.8996014,0.559205592,0.517000377,0.456449986,0.805240333,0.330790907,0.731928468,0.773744226,0.787894964,0.106151342,0.998185396,0.813565671,0.031477619,0.275246352,0.716672063,0.198319554,0.158631518,0.0993837789,0.755876124,0.0575973205,0.898704469,0.0132352719,0.744615018,0.324065506,0.961056948,0.0604332648,0.0549779162,0.608338237,0.544483602,0.0904279798,0.729112804,0.203500882,0.603145778,0.219143838,0.976642191,0.0299431309,0.410745174,0.355137855,0.692563474,0.0987749621,0.588052869,0.261224091,0.796846211,0.129716113,0.920618296,0.143303558,0.770716906,0.107511915,0.616800129,0.114773855,0.884519339,0.609859347,0.83250469,0.259116232,0.93600136,0.075112164,0.539853096,0.217927128,0.952135682,0.939924479,0.608217657,0.908328652,0.441204607,0.511433363,0.669296682,0.401023358,0.940271258,0.583327174,0.0790981501,0.10965924,0.575205684,0.623107374,0.230619296,0.322781533,0.153080896,0.120300427,0.162618682,0.463869572,0.588416576,0.606401443,0.225510344,0.609309673,0.773551822,0.804263413,0.269513428,0.896901846,0.82938683,0.414824843,0.59151566,0.206236541,0.153627723,0.79135865,0.694283307,0.97598213,0.215612695,0.793465972,0.0599379726,0.833567977,0.0206784252,0.739812791,0.00118422718,0.80686748,0.518147886,0.716596782,0.15753001,0.249883354,0.428620547,0.763552308,0.996229649,0.187816441,0.580123603,0.587952375,0.206006333,0.466539204,0.743114173,0.848809421,0.72539562,0.136495531,0.883677661,0.945114374,0.806053936,0.63641578,0.69257313,0.368510157,0.745437264,0.992591679,0.693729877,0.404905111,0.775170386,0.744269967,0.639890909,0.192607224,0.658424616,0.455138296,0.533079863,0.61555624,0.671252072,0.0571123399,0.642551303,0.818335772,0.101949759,0.855161905,0.166562587,0.90315038,0.141162962,0.214369565,0.812272727,0.522916138,0.0666173249,0.287831515,0.65584445,0.283266813,0.609891415,0.363996297,0.636222243,0.0965869054,0.0556128398,0.787338912,0.952518046,0.395252854,0.585395336,0.881285608,0.510895193,0.0886592492,0.746837556,0.983587146,0.362568945,0.674625695,0.500771105,0.670021355,0.914115608,0.171250001,0.262209326,0.114034712,0.769039094,0.399362683,0.966802657
0.30228579,0.215737835,0.249403581,0.290392637,0.0288136415,0.980158627,0.108262591,0.45279929,0.832118869,0.692848504,0.674000025,0.254875779,0.772120416,0.700837076,0.766092539,0.62170893,0.888878465,0.703573883,0.193008289,0.163081601,0.703785419,0.928909838,0.482051104,0.649529099,0.67230767,0.788796186,0.696112394,0.250944853,0.519738853,0.191482335,0.348844588,0.0780589283,0.798036575,0.467142254,0.880339622,0.0245090947,0.0432653837,0.070544064,0.408856094,0.152961075,0.724391699,0.593995392,0.296913803,0.0683748946,0.705458105,0.339687943,0.0672625601,0.182424769,0.382747978,0.300012797,0.538772166,0.739996314,0.313138694,0.992949784,0.356816709,0.287602037,0.63766247,0.614368558,0.693810523,0.0620129779,0.162251636,0.00998927094,0.726139247,0.881064832,0.843055189,0.437812001,0.0394577757,0.678129911,0.466489494,0.896468937,0.500028789,0.320630789,0.821810603,0.379929513,0.0875328556,0.324560493,0.98481822,0.860564291,0.263234437,0.780665636,0.842599511,0.980221927,0.959150493,0.0935336649,0.842130423,0.0904045254,0.669406831,0.34217453,0.378885776,0.12648724,0.518062294,0.883988798,0.844085693,0.889197469,0.895070136,0.229589,0.898677528,0.465426296,0.839967608,0.250157326,0.377207339,0.321463495,0.806408644,0.565093696,0.781153858,0.375845075,0.0124295903,0.362592965,0.542206407,0.622242749,0.0715379268,0.70491308,0.561061978,0.605015039,0.453197122,0.60278523,0.00267153466,0.906006515,0.105701029,0.0524716787,0.872148156,0.215127185,0.488922566,0.531274438,0.34595868,0.945655048,0.386062056,0.0259128641,0.602150857,0.00786791649,0.401043802,0.393543094,0.437641054,0.660080612,0.36516571,0.536543727,0.139779046,0.0751714557,0.0423570052,0.775562704,0.272511542,0.684566557,0.501713991,0.0251726694,0.904238582,0.108680293,0.573387265,0.0110413088,0.726650178,0.177350149,0.581532419,0.651313424,0.656357765,0.337171644,0.679950655,0.531936407,0.522706568,0.836172462,0.942493796,0.560192764,0.723959506,0.605794847,0.0599716343,0.977046609,0.943254113,0.532027602,0.698470056,0.606393933,0.913934946,0.654212117,0.221107736,0.644497633,0.678606093,0.143913791,0.0822651088,0.725993335,0.931113541,0.514160872,0.238484845,0.729947209,0.0826690421,0.669286251,0.483009964,0.337412953,0.529697597,0.0431086719,0.425551206,0.731173575,0.930753112,0.977410495,0.752160549,0.643427849,0.901429892,0.359538317,0.563541234,0.369249582,0.175198019,0.0314906463,0.678896725,0.46246627,0.259421825,0.444660366,0.00307086087,0.679461956,0.483011335,0.927350819,0.523610234,0.253271699,0.63689512,0.570035696,0.171351865,0.671100676,0.234984845,0.896624565,0.906107664,0.594344437,0.18439807,0.108869068,0.692785203,0.400845468,0.508185685,0.34926635,0.823664963,0.918709993,0.384937197,0.542501271,0.618211865,0.252497137,0.116055585,0.151914597,0.996175051,0.129771188,0.626185119,0.343402952,0.590903401,0.742189944,0.297535628,0.735088468,0.945064068,0.363230616,0.556632817,0.987570524,0.684376776,0.311307818,0.91192174,0.754920185,0.572510958,0.307444543,0.794851601,0.700159669,0.895477593,0.384147018,0.451910317,0.237077758,0.910538435,0.155547023,0.352508307,0.23493126,0.914683938,0.143242359,0.981273234,0.965560555,0.762003899,0.861877143,0.328378737,0.269686311,0.593329251,0.334364861,0.266937524,0.600649476,0.956089199,0.8565889,0.138718516,0.255996972,0.448895872,0.397066444,0.404617548,0.0560643226,0.122888431,0.0371952206,0.281337202,0.835448861,0.943735957,0.207813635,0.15734458,0.80219084,0.335892975,0.331773371,0.235852808,0.172917157,0.966080964,0.353579223,0.145419329,0.154563919,0.010242275,0.894518971,0.228457406,0.342462808,0.710888922,0.874769449,0.266344279,0.362746,0.884920537,0.529632926,0.701602817,0.835904717,0.529203892,0.68582052,0.971324146,0.402056426,0.941758096,0.601953566,0.904709935,0.66512388,0.161405578,0.216597065,0.0911246985,0.351018459,0.015643876,0.0226393435
0.609596431,0.252211213,0.144974753,0.162434533,0.968969941,0.143325672,0.5206635,0.208117262,0.588244081,0.360461801,0.70874697,0.782047212,0.950436175,0.404484183,0.938335955,0.949273646,0.26736173,0.348315626,0.605617523,0.654619336,0.696135461,0.499991357,0.682151139,0.976582408,0.788512051,0.833081067,0.968381345,0.564908087,0.83863169,0.815665662,0.349891424,0.817106903,0.611695707,0.913040459,0.0671287403,0.505035758,0.571846366,0.355920762,0.772992015,0.357910663,0.9266482,0.823810577,0.199167326,0.228087768,0.676403821,0.793697834,0.057958018,0.277895987,0.542908609,0.0794958398,0.944137752,0.444348067,0.946542203,0.334296763,0.777439952,0.0496510044,0.276340038,0.744922996,0.695007086,0.796133697,0.962599695,0.434774518,0.712231457,0.12999095,0.151391923,0.807166457,0.174340621,0.809617639,0.638044775,0.984786749,0.475385725,0.51538074,0.816902041,0.429430872,0.208562925,0.991446137,0.638855577,0.284714669,0.66133374,0.704999685,0.798939884,0.928283393,0.771928251,0.66498071,0.30648151,0.22934778,0.463386297,0.936913788,0.421358526,0.915377796,0.216137707,0.867626846,0.526142418,0.782094359,0.413701117,0.173930287,0.876627207,0.814252615,0.800833881,0.446587175,0.284610987,0.954301119,0.130415335,0.533288896,0.735108972,0.713540614,0.373332202,0.202444866,0.418165803,0.290620923,0.390006483,0.697152376,0.645994604,0.66767031,0.893807769,0.192064092,0.653677762,0.878023624,0.878937006,0.35526979,0.0170823559,0.511820376,0.916095436,0.6586622,0.844364226,0.740512967,0.793284953,0.557182968,0.891619027,0.153177723,0.136142015,0.149427846,0.654102862,0.358070225,0.460015386,0.363455504,0.816200793,0.0851695687,0.70960474,0.142417699,0.981809556,0.216413647,0.338798702,0.800787449,0.084270902,0.81974411,0.0147423884,0.164352626,0.357057601,0.622732282,0.694501758,0.736172616,0.534388602,0.0917903706,0.789432049,0.577602446,0.0663502738,0.044294782,0.599774718,0.983521461,0.299153149,0.176549047,0.156983107,0.606501281,0.0349090211,0.299985409,0.498435408,0.195443124,0.828933239,0.526038945,0.58088547,0.180584356,0.425042808,0.967647612,0.561589539,0.853551745,0.868661404,0.903937876,0.613348603,0.727581024,0.438580304,0.316179276,0.0987698436,0.957228303,0.856697321,0.153128758,0.541194797,0.882521451,0.302501947,0.32859233,0.34792906,0.00829822849,0.08341337,0.739925027,0.818285108,0.0926851779,0.357665032,0.540695608,0.150648192,0.46967113,0.718104362,0.855144739,0.774297833,0.865677536,0.0851322189,0.208901599,0.10685166,0.890412092,0.430377007,0.669750988,0.314691573,0.113390565,0.754254699,0.725897312,0.474915862,0.365135729,0.14873758,0.0722795874,0.892034054,0.754012704,0.482241601,0.930971444,0.757799804,0.147715166,0.926924527,0.557576954,0.222005233,0.0449047536,0.369930714,0.142953709,0.680910826,0.395434171,0.78404665,0.484067202,0.046589639,0.53178376,0.159267023,0.731250226,0.126991063,0.864130557,0.824267924,0.52466923,0.130647868,0.377096981,0.354664922,0.997816682,0.441602439,0.850187719,0.393758357,0.436835289,0.549321115,0.409508705,0.224300846,0.235876352,0.878809392,0.0236350428,0.190555751,0.1336568,0.523843527,0.384565741,0.672488511,0.552386463,0.985420465,0.410706848,0.080544211,0.761463225,0.854538918,0.342205793,0.604524195,0.61583966,0.909601629,0.799313009,0.575885892,0.235530704,0.220701009,0.730187416,0.0998762175,0.655885577,0.312268078,0.471675843,0.961655021,0.117401309,0.859155953,0.383944005,0.134176761,0.743565261,0.858297706,0.444841683,0.426740825,0.919252276,0.823952913,0.765181303,0.76869905,0.428182006,0.50929451,0.516341448,0.494780123,0.157822266,0.115155958,0.59589833,0.150044248,0.956189454,0.46758768,0.572107971,0.0452943631,0.652192175,0.895400345,0.357141376,0.184033543,0.506193519,0.315941304,0.0818656906,0.124263644,0.576512158,0.691335082,0.183598876,0.866053283,0.585238397,0.966746747,0.668093085
0.650187194,0.0907905474,0.446386784,0.16968599,0.742465913,0.27408126,0.707318068,0.162214473,0.366066903,0.775847971,0.00739033474,0.574992836,0.946605384,0.348423868,0.663109541,0.122843713,0.798979342,0.849958122,0.895117581,0.964543164,0.94858557,0.606259108,0.597845137,0.11189153,0.0515398793,0.0611899719,0.0720979124,0.45011583,0.734991312,0.744288385,0.790181696,0.573197186,0.590277612,0.139674008,0.909719288,0.611086786,0.860205591,0.867185831,0.631133199,0.452836215,0.923211992,0.261812985,0.0843097493,0.604476273,0.835114598,0.263005495,0.346388549,0.916264057,0.8343063,0.337170362,0.523634136,0.417113066,0.533010423,0.381301105,0.483001918,0.532328367,0.964850128,0.574382722,0.119392231,0.65750134,0.230778784,0.905875325,0.994222701,0.725379705,0.343141764,0.326317847,0.942380905,0.46345371,0.389964819,0.906140447,0.61465472,0.953836858,0.759169698,0.0908466354,0.508411765,0.315170825,0.350531042,0.314929903,0.10061188,0.359137565,0.107203759,0.619157791,0.645947754,0.403742552,0.180933461,0.112301752,0.748192668,0.61808461,0.984076917,0.123182848,0.94570148,0.683306515,0.230896518,0.920856535,0.91407454,0.695249259,0.612356544,0.665131986,0.752029359,0.974976778,0.532214582,0.535657227,0.192576408,0.550783694,0.476392448,0.888936579,0.605113089,0.0784052387,0.173128814,0.17571494,0.636186302,0.530319631,0.242010504,0.85847199,0.754038632,0.977812111,0.754166484,0.540897369,0.715930045,0.665684283,0.349173158,0.964174509,0.580206513,0.921467006,0.553624809,0.859063625,0.113951057,0.240407065,0.0427191332,0.163443968,0.604436338,0.490748316,0.143272743,0.835723042,0.481095821,0.776606202,0.653162122,0.275330186,0.0937981382,0.626762211,0.570839703,0.440514773,0.930865824,0.242027313,0.339537829,0.0209223442,0.795207739,0.75946039,0.169124916,0.570035994,0.463897794,0.00169584388,0.420218706,0.0444064289,0.317839533,0.252128392,0.64632082,0.0206117444,0.207077727,0.150427848,0.963499784,0.821493983,0.44184497,0.98643446,0.102091752,0.696808875,0.41877827,0.53190279,0.800166607,0.270902634,0.355705082,0.858259797,0.385503322,0.128025815,0.28636837,0.682921827,0.365994602,0.261301816,0.0487357937,0.922647953,0.25194183,0.328695685,0.00699060503,0.998446167,0.792551875,0.864182115,0.998572946,0.0276932288,0.435724229,0.884878099,0.679649889,0.899682462,0.500150383,0.64968431,0.0586252473,0.209959686,0.508597493,0.140877351,0.642860472,0.391634256,0.809075475,0.370955676,0.124535039,0.405031681,0.0584734865,0.396029234,0.15800187,0.719492018,0.961667836,0.883019209,0.287062287,0.821116269,0.894780517,0.539384902,0.201825514,0.308300644,0.871123135,0.837076366,0.343316227,0.0371394567,0.302714437,0.155588254,0.695214808,0.965337634,0.269564778,0.683878362,0.126222059,0.161160007,0.259449363,0.543361902,0.963408291,0.970816016,0.152420089,0.0323138423,0.806117296,0.88642931,0.884950638,0.0366531014,0.41757524,0.7511518,0.955107033,0.0249969885,0.270819664,0.0102126319,0.295543373,0.230301321,0.956957459,0.977440774,0.739462495,0.605255365,0.953244209,0.155920625,0.957967162,0.646678805,0.681381702,0.198332697,0.607030571,0.162000731,0.823744953,0.188914433,0.784528553,0.348056883,0.497512192,0.768295765,0.887405217,0.687712312,0.614180148,0.542364299,0.537098765,0.434964418,0.867540479,0.181126267,0.178996935,0.387468278,0.925010324,0.487669855,0.316877842,0.745797038,0.183628917,0.199595988,0.589839876,0.528702259,0.530076265,0.79517436,0.868671238,0.796774507,0.926212072,0.0375758447,0.729577959,0.949011922,0.981589794,0.423093408,0.0522456318,0.346221805,0.902901828,0.786399484,0.472679824,0.964134693,0.367076367,0.586854219,0.183825165,0.676076353,0.660781384,0.476210862,0.227911338,0.00176356756,0.198841721,0.0931254178,0.357299626,0.872139752,0.935326576,0.0249804351,0.289540917,0.405558437,0.469485402,0.50294584,0.295115352,0.958174229,0.0284092892,0.709952533
0.368007272,0.203766048,0.758000493,0.483036399,0.461333334,0.906531453,0.985907078,0.229346246,0.116620772,0.775353968,0.484562784,0.67920512,0.476182789,0.0778471902,0.536573172,0.990620673,0.32603249,0.166656747,0.804443061,0.55666256,0.632588327,0.635479391,0.874345362,0.437276304,0.248779207,0.775048792,0.415780038,0.513919711,0.307744384,0.949096262,0.930608153,0.886292875,0.933399856,0.993060172,0.349289298,0.974862397,0.573712945,0.00639339164,0.724208772,0.247958899,0.488886774,0.678890288,0.5106107,0.805042148,0.770379722,0.372748464,0.80380857,0.953501344,0.883658946,0.596081018,0.920946419,0.837146759,0.641314626,0.602591693,0.492534876,0.454332769,0.200215459,0.802251041,0.54465574,0.876587451,0.704557061,0.961151838,0.0785335898,0.944666147,0.273512572,0.229254752,0.509548247,0.971024573,0.998677373,0.96406275,0.461595535,0.691281497,0.621074736,0.764611244,0.532453179,0.785539865,0.0413244069,0.0657148659,0.767056108,0.224237978,0.968980968,0.22481671,0.685242772,0.86372751,0.427991629,0.832727075,0.154868856,0.680557311,0.00625889516,0.0511740446,0.37551567,0.848694921,0.132115781,0.560093701,0.0231523179,0.67909044,0.113395184,0.5512501,0.903775692,0.365454137,0.21789515,0.326156437,0.363870651,0.40325889,0.613163054,0.831097841,0.2283988,0.821690798,0.223810762,0.323338807,0.540471017,0.504704297,0.348779947,0.02160649,0.402810544,0.742542565,0.314958751,0.190922096,0.108792238,0.708708346,0.704195678,0.451518863,0.669175148,0.0964812264,0.828856707,0.776706576,0.810263932,0.61544615,0.12468978,0.69506973,0.00014611354,0.293287098,0.668613017,0.853330195,0.457483917,0.789326966,0.843531966,0.891525745,0.137373716,0.138074204,0.0609385893,0.0315927081,0.334686249,0.89996922,0.585518181,0.344670534,0.942959785,0.562711716,0.533380389,0.969908655,0.205269441,0.324855566,0.830564916,0.13510488,0.404942453,0.394445628,0.320210338,0.851978242,0.263926953,0.013102998,0.145027056,0.00877202209,0.0010774628,0.846166134,0.748471618,0.491299093,0.466426641,0.378483087,0.533333659,0.747429669,0.783237278,0.314889312,0.0183777772,0.152804762,0.108041637,0.760873675,0.0333873332,0.958031654,0.900860906,0.0591146499,0.129479125,0.340390116,0.962919652,0.129748657,0.940436542,0.0380957164,0.966887534,0.0384928919,0.868419707,0.986503124,0.888864696,0.404865116,0.294272393,0.737065375,0.774416804,0.125265226,0.466327906,0.207393318,0.694102705,0.614413559,0.0784080252,0.590836704,0.756095707,0.911717057,0.518278599,0.70742923,0.493121713,0.366075546,0.203106672,0.518532574,0.197921604,0.18884927,0.015442472,0.839198589,0.399829298,0.96908772,0.587509692,0.347997397,0.638756275,0.958541155,0.365002215,0.481036395,0.385780573,0.525453389,0.264905065,0.477642328,0.885723054,0.852300107,0.0682217851,0.226538733,0.293211073,0.935144603,0.293847471,0.0290200822,0.885443985,0.637687504,0.993459821,0.607485533,0.917399943,0.470989108,0.0556293502,0.827665627,0.637663603,0.992822349,0.732385635,0.162640914,0.381229162,0.737955332,0.736385643,0.331230253,0.922071934,0.653324962,0.499120265,0.234685495,0.084657304,0.40144524,0.608492672,0.412754357,0.956214368,0.0624716766,0.187035143,0.448304415,0.573928118,0.478908449,0.448960781,0.369229227,0.259498924,0.247096255,0.774319947,0.286219537,0.882450879,0.193840206,0.51042515,0.77805084,0.91596061,0.662793696,0.461642414,0.737324297,0.186650619,0.790684342,0.339144051,0.711404085,0.859362245,0.0896256343,0.810668349,0.115554199,0.818255782,0.490056515,0.910215139,0.167147532,0.53767854,0.591730654,0.347975314,0.208259076,0.686843991,0.327418387,0.560678899,0.679635227,0.244156078,0.550800562,0.558783233,0.440725386,0.890646815,0.41467011,0.0870771632,0.101298146,0.214351833,0.378126919,0.348319858,0.00477243261,0.508587658,0.831617057,0.924985409,0.942948997,0.219691798,0.548544228,0.0349082239,0.468548357,0.713099778,0.551767111
0.696467519,0.253963113,0.520142853,0.0900955275,0.0199152511,0.494362682,0.837356269,0.481926709,0.169380993,0.904133141,0.0241214726,0.640059233,0.730577052,0.296279043,0.592740297,0.406558037,0.00690613594,0.401639313,0.0781349316,0.0633063391,0.834028363,0.709127545,0.0193166509,0.47114256,0.264416903,0.979296744,0.354653388,0.872038066,0.20967263,0.999004662,0.207366303,0.615105271,0.928727567,0.574644208,0.10163229,0.574535131,0.788418353,0.240677759,0.0327114202,0.325008482,0.847903311,0.754260242,0.176785976,0.0559316725,0.179687336,0.235782534,0.0687012374,0.368335783,0.441429257,0.301911145,0.340604752,0.221426025,0.163208053,0.517380595,0.828521311,0.774425685,0.927189827,0.115837626,0.663689137,0.600316644,0.533966422,0.93494314,0.270216703,0.823906183,0.0950869024,0.564538121,0.159344137,0.464147002,0.560521305,0.155028328,0.412373751,0.342520088,0.122649007,0.719416559,0.610260785,0.123013839,0.0518046431,0.110007472,0.908127427,0.878229916,0.525679529,0.484994471,0.777359068,0.585994422,0.65396142,0.0518909581,0.414748311,0.966748118,0.6068694,0.0635919794,0.210383907,0.955742478,0.977702558,0.3211236,0.747645795,0.0688137561,0.27593717,0.366217911,0.321244329,0.0278158635,0.741546929,0.983778775,0.290127784,0.879934847,0.800245941,0.912512004,0.254073769,0.918417454,0.692285597,0.981302142,0.535249054,0.612169385,0.131214082,0.687384129,0.417725146,0.00223527709,0.91119957,0.562855422,0.767465651,0.265182436,0.831108451,0.112593822,0.612739384,0.936623394,0.385925055,0.160062566,0.81072253,0.422493696,0.415543318,0.700103998,0.0296398215,0.230784342,0.956290066,0.471553236,0.64931494,0.654212117,0.603853345,0.287886769,0.381641835,0.34240371,0.685908318,0.123613603,0.712973773,0.370980501,0.318899781,0.823228359,0.960066438,0.968930483,0.858206451,0.0447217412,0.258367985,0.718119681,0.839388609,0.856325984,0.465959847,0.202644646,0.439623266,0.738723099,0.333635896,0.0474908985,0.19941996,0.119125009,0.691894054,0.833471596,0.302764952,0.157500312,0.778658748,0.177140757,0.0455027111,0.557500362,0.410774976,0.730485976,0.090830341,0.57067889,0.578695893,0.333286136,0.0383527502,0.795368433,0.540361404,0.15466015,0.589014351,0.683820307,0.263236344,0.879283786,0.227303669,0.3187567,0.421843022,0.933535874,0.708014965,0.463341504,0.832755446,0.805695653,0.897700965,0.227714151,0.365392208,0.885479093,0.186570153,0.224403948,0.842522621,0.884127438,0.390525788,0.711781442,0.323127121,0.493271679,0.801345289,0.708607614,0.951235771,0.675223589,0.0431678332,0.377188802,0.657164335,0.887611806,0.508352518,0.156686947,0.242529094,0.706314504,0.767830729,0.415236861,0.979660749,0.444372624,0.53055048,0.358661294,0.989304781,0.35058862,0.470823318,0.724843264,0.650004327,0.000943248277,0.439818889,0.976282358,0.446566433,0.0141782714,0.975674689,0.8530972,0.0350743569,0.606911778,0.10369347,0.514388382,0.492251307,0.475913286,0.825027704,0.469109029,0.545228004,0.602581441,0.411671191,0.543039203,0.321470618,0.437301099,0.735803306,0.744095981,0.423141509,0.231195495,0.711043775,0.380324662,0.206195235,0.671954215,0.622913003,0.565521419,0.471988201,0.321805507,0.766349256,0.189783335,0.406912714,0.708517313,0.535856128,0.615290701,0.326131523,0.0633457229,0.925267696,0.963994384,0.743502021,0.015469336,0.152635768,0.678609908,0.0702357739,0.240698785,0.698338807,0.47109434,0.200554535,0.155018821,0.619108498,0.4010607,0.705990374,0.331878692,0.0370875262,0.40346989,0.531627893,0.33864668,0.144254044,0.160848871,0.831520617,0.539629877,0.887468338,0.743050456,0.0890515372,0.384869993,0.676665366,0.583791971,0.415762156,0.941081762,0.249485284,0.842952609,0.706572711,0.560202241,0.0758603215,0.477364272,0.218319118,0.103523485,0.632750094,0.120939694,0.751793742,0.944080651,0.327587903,0.871847987,0.634762824,0.508074224,0.398785412,0.781444788,0.76269114,0.261859447
0.0284298379,0.196798146,0.693768382,0.97835499,0.992162585,0.0377956852,0.0974202156,0.795468807,0.90788722,0.462163836,0.0838118717,0.87629652,0.751487374,0.463246971,0.219317257,0.256341904,0.143330142,0.465678066,0.00628342945,0.876205087,0.505253077,0.281551182,0.922967494,0.185017914,0.244228289,0.794653237,0.453862339,0.468435168,0.281318158,0.458670169,0.735850573,0.993409097,0.374835223,0.0686575845,0.0348827392,0.152187094,0.553766727,0.0542760715,0.540710747,0.577554047,0.946169019,0.0430288576,0.671211243,0.485082895,0.749430478,0.419230968,0.907774031,0.946872652,0.855580866,0.78119278,0.824074924,0.207244843,0.521342337,0.799701393,0.0567993671,0.969967365,0.0423662737,0.629930794,0.671771705,0.801139295,0.928401351,0.275039077,0.566523135,0.168370798,0.816238999,0.734671891,0.493070483,0.879190564,0.730477273,0.417728633,0.435165852,0.744688988,0.168327197,0.474138469,0.76954025,0.538687289,0.986257553,0.935269415,0.678992987,0.620867908,0.690906405,0.132061079,0.293007046,0.620726705,0.954329252,0.944909394,0.852213025,0.185344413,0.1339266,0.689651191,0.294277966,0.699103713,0.923127353,0.318983316,0.42967394,0.0525134988,0.659907222,0.80249548,0.856533349,0.573184013,0.62193948,0.686778665,0.560198486,0.673898995,0.558923781,0.800663531,0.972828746,0.73524946,0.411787301,0.252117872,0.690592408,0.691954494,0.00441845926,0.670200884,0.0591327921,0.769474149,0.43677938,0.766582191,0.258006662,0.334289849,0.0154017881,0.106754236,0.619604886,0.117404297,0.193384901,0.0327643305,0.520298481,0.836111665,0.586071491,0.65995723,0.692077041,0.150698289,0.403525025,0.730864167,0.296877503,0.456146181,0.395861685,0.141054541,0.819840312,0.412366092,0.46244511,0.16759859,0.486053705,0.355386615,0.642402053,0.923971117,0.738755345,0.594803154,0.388056368,0.610863149,0.00290353782,0.869229913,0.960052669,0.488282502,0.806434155,0.837761521,0.898644209,0.411393166,0.640706062,0.495773494,0.882953465,0.508843541,0.0876227245,0.269197941,0.747734427,0.777927399,0.145384043,0.388259232,0.940379262,0.124935068,0.135807544,0.548639536,0.419748455,0.645582616,0.719365001,0.158715233,0.26551351,0.184138551,0.769103467,0.170002133,0.864055037,0.25202325,0.804978609,0.104786694,0.895639181,0.302150786,0.402531028,0.031050045,0.93878752,0.0927435011,0.422210544,0.0522493273,0.367989779,0.596707821,0.582715809,0.974975944,0.234049857,0.450900614,0.64223516,0.0559993796,0.673285306,0.590651929,0.335868925,0.147590861,0.645507932,0.927217245,0.47369656,0.793756008,0.203822419,0.183642298,0.782697141,0.417191356,0.706059217,0.696768522,0.54112649,0.129154056,0.754400074,0.957635105,0.985753894,0.989310503,0.928534329,0.23715274,0.679562747,0.334765822,0.168196157,0.289665341,0.333830744,0.787683249,0.0494441465,0.932459891,0.726096272,0.0758487359,0.967066348,0.197359249,0.547745526,0.811499238,0.905012846,0.285742849,0.819125593,0.814327717,0.522214949,0.316339791,0.484469205,0.55167371,0.998578966,0.189122096,0.0327921808,0.322221667,0.275107652,0.1326444,0.575736701,0.187065497,0.933625877,0.0575080775,0.0484387353,0.341323137,0.984288871,0.00739430031,0.491739005,0.835648358,0.565250456,0.90737927,0.443732679,0.822023869,0.400402039,0.0379136465,0.604029953,0.448633581,0.589240015,0.736104727,0.527380884,0.615500212,0.906194389,0.368748635,0.367519766,0.524668396,0.78003943,0.0893333554,0.572924137,0.590726435,0.556123495,0.0200734083,0.658900917,0.273642272,0.830637693,0.419777483,0.436462522,0.900542259,0.79321897,0.492616057,0.717074394,0.992896438,0.123948649,0.243424952,0.49895373,0.352322817,0.119110025,0.0569327809,0.2588,0.673000455,0.673218548,0.00451911567,0.280791402,0.982996643,0.772714972,0.885403633,0.304578304,0.179914951,0.49862957,0.783339977,0.843197227,0.0845678598,0.125370324,0.637055457,0.222626522,0.0315271765,0.0542660728,0.50242722,0.0869877487,0.452131271
0.451276392,0.171599269,0.409362853,0.984903753,0.339084655,0.289652795,0.680401862,0.651445627,0.97696501,0.451498806,0.437731266,0.228390962,0.684203684,0.25985989,0.28906408,0.957874477,0.351869106,0.573834062,0.398212343,0.822224259,0.455918193,0.263465464,0.279898524,0.110557713,0.0514770225,0.384689689,0.0145497462,0.661233783,0.729287744,0.384391785,0.856664896,0.411228955,0.820346713,0.423028499,0.932571769,0.249329388,0.0910315663,0.258715093,0.900976062,0.255168229,0.543238044,0.333292753,0.893747628,0.449272811,0.705986023,0.743568063,0.83474195,0.488034874,0.0887966603,0.129150972,0.182053462,0.384952575,0.365453929,0.0722454116,0.376396418,0.874674201,0.91838789,0.943889558,0.813340425,0.808576524,0.825699508,0.676600754,0.864553869,0.65923804,0.543816924,0.502325177,0.955098391,0.849877417,0.0612722188,0.283015192,0.741024911,0.147029072,0.807558715,0.925504446,0.736001253,0.953873813,0.91231513,0.714029908,0.274931967,0.749151051,0.262396365,0.365359545,0.0201213863,0.0168598201,0.535808444,0.872022033,0.584678411,0.25593859,0.0198163055,0.549340367,0.0648380741,0.863993049,0.951015592,0.442055583,0.092798017,0.872358501,0.990465105,0.714131832,0.231191784,0.568597019,0.416304886,0.393295646,0.762311399,0.251182884,0.691945493,0.0251766257,0.337715685,0.91581881,0.869475782,0.741888881,0.623812795,0.230599403,0.117485993,0.265135229,0.47266832,0.479479432,0.113030747,0.280158877,0.118459389,0.914574146,0.633606076,0.353554308,0.997048676,0.900467813,0.396689534,0.792556703,0.24417384,0.725883782,0.292310983,0.879373789,0.104455993,0.313765466,0.176716298,0.355193496,0.674219072,0.661587417,0.573602319,0.696637571,0.749685347,0.417575717,0.933399141,0.580922544,0.418800026,0.45314157,0.740305305,0.711814106,0.765749693,0.140876755,0.37436524,0.592176735,0.246270671,0.126693949,0.527170599,0.705628335,0.970499635,0.270824879,0.80407089,0.0555307977,0.0604742318,0.0568136908,0.220113337,0.821228802,0.876485825,0.527222574,0.101944856,0.991858661,0.666966259,0.910543978,0.56909126,0.618845522,0.50540036,0.171917707,0.690090358,0.133218601,0.809911549,0.751958847,0.0174284559,0.296586245,0.0188422259,0.256979167,0.610203743,0.849241853,0.387222648,0.478118718,0.874412954,0.00933044031,0.31507346,0.31707117,0.0742235184,0.470129579,0.985834777,0.622056901,0.951310635,0.914973021,0.4793185,0.158746198,0.761229396,0.877425611,0.0961715207,0.378649086,0.823367715,0.963677645,0.897524655,0.656347811,0.111266255,0.636640429,0.487089396,0.667566299,0.240335271,0.0901851952,0.763286829,0.0510710627,0.980615795,0.57406491,0.488054484,0.601368964,0.417843938,0.41542387,0.253681779,0.889155269,0.422148466,0.366059691,0.387796015,0.635984004,0.359604478,0.753903449,0.50015372,0.96281004,0.441126704,0.798369646,0.349987626,0.868963599,0.815123856,0.350034803,0.137557551,0.3584885,0.0274052341,0.897262335,0.322021693,0.929476738,0.33693102,0.553916693,0.855825841,0.0670997053,0.87398833,0.127274558,0.983801246,0.355427265,0.47093448,0.386339635,0.375679195,0.906229258,0.335174978,0.916597664,0.586568594,0.102662049,0.263368756,0.114891991,0.151953891,0.832224309,0.547619104,0.0304083042,0.287657142,0.449936748,0.685844183,0.36455071,0.477665275,0.701187193,0.654069185,0.463488072,0.448241651,0.376680881,0.53574425,0.104505859,0.463718206,0.833828509,0.674012661,0.105344556,0.535518646,0.567356229,0.345201373,0.172353223,0.20348914,0.98406744,0.304092526,0.649120152,0.896659613,0.308333069,0.228810936,0.0953112692,0.935207605,0.00641931919,0.494567901,0.781570613,0.735394895,0.885135651,0.941495597,0.193200201,0.778721213,0.28775835,0.982049644,0.0343610346,0.863463163,0.520227432,0.790166497,0.961443126,0.738626361,0.552873611,0.587253094,0.988145351,0.693902731,0.63308692,0.259677231,0.833135307,0.527937412,0.0457949825,0.674131751,0.199616134,0.393447518,0.951485097
